text,label
A wonderful movie with memorable characters and a moving ending.,positive
"This film was boring, slow, and painfully predictable.",negative
I loved the acting and the soundtrack was beautiful.,positive
The plot made no sense and the dialogue was terrible.,negative
"Surprisingly warm, funny, and emotionally honest.",positive
The movie wastes a good cast on a weak script.,negative
An excellent story that kept me interested until the end.,positive
I would not recommend this to anyone.,negative
The pacing is strong and the performances feel natural.,positive
It is too long and most scenes feel unnecessary.,negative
A delightful film that I want to watch again.,positive
The jokes fall flat and the ending is disappointing.,negative
A thoughtful and visually impressive experience.,positive
The direction is careless and the story is confusing.,negative
The emotional scenes worked very well for me.,positive
The film tries hard but never becomes interesting.,negative
Great chemistry between the main actors.,positive
Poor editing makes the whole movie hard to follow.,negative
A simple but charming movie with a satisfying conclusion.,positive
The characters are flat and the conflict is unconvincing.,negative
I enjoyed the clever writing and balanced humor.,positive
Nothing about this movie felt original or engaging.,negative
The final act is powerful and surprisingly moving.,positive
"It was loud, messy, and emotionally empty.",negative
The film handles a difficult theme with care.,positive
The story collapses after the first thirty minutes.,negative
Beautifully shot and sincerely performed.,positive
The acting feels forced and the script is weak.,negative
A smart and engaging film with a strong message.,positive
The movie is forgettable and poorly paced.,negative
The director creates tension with impressive control.,positive
The ending is rushed and completely unsatisfying.,negative
"Even though it starts slowly, the movie becomes deeply rewarding.",positive
"Although the trailer looked promising, the film is a complete mess.",negative
"The film is not perfect, but it is honest and affecting.",positive
"I wanted to like it, but the story never convinced me.",negative
"The humor, drama, and music come together beautifully.",positive
The movie repeats the same idea until it becomes exhausting.,negative
A confident and entertaining film from start to finish.,positive
The characters make strange decisions for no believable reason.,negative
